Job Title,Company,Location,Job Link
Senior Full Stack Engineer,Tarjimly,ğŸŒ Worldwide,https://remoteok.com/remote-jobs/remote-senior-full-stack-engineer-tarjimly-817812
Freelance Writer,IAPWE,ğŸŒ Worldwide,https://remoteok.com/remote-jobs/remote-freelance-writer-iapwe-931199
Associate Director Clinical Supply Chain,Eikon Therapeutics,ğŸ‡ºğŸ‡¸ United States,https://remoteok.com/remote-jobs/remote-associate-director-clinical-supply-chain-eikon-therapeutics-974261
Senior Software Engineer,PayNearMe,ğŸŒ Probably worldwide,https://remoteok.com/remote-jobs/remote-senior-software-engineer-paynearme-974215
EMEA Field Application Engineer Manager,Altium,ğŸŒ Probably worldwide,https://remoteok.com/remote-jobs/remote-emea-field-application-engineer-manager-altium-974139
EMEA Field Application Engineer Manager,Altium,ğŸŒ Probably worldwide,https://remoteok.com/remote-jobs/remote-emea-field-application-engineer-manager-altium-974138
Field Enablement Manager Enterprise East,Glean,ğŸ‡ºğŸ‡¸ United States,https://remoteok.com/remote-jobs/remote-field-enablement-manager-enterprise-east-glean-974077
Digital Marketing Account Manager,Xometry,"Minneapolis, MN",https://remoteok.com/remote-jobs/remote-digital-marketing-account-manager-xometry-974017
Audience Editor HuffPost,"Employment Opportunities at BuzzFeed, Inc.",ğŸ‡ºğŸ‡¸ United States,https://remoteok.com/remote-jobs/remote-audience-editor-huffpost-employment-opportunities-at-buzzfeed-inc-973751
Senior Machine Learning Engineer,Pachama,ğŸŒ Probably worldwide,https://remoteok.com/remote-jobs/remote-senior-machine-learning-engineer-pachama-973749
Senior Full Stack Engineer,DataGrail,ğŸ‡ºğŸ‡¸ United States,https://remoteok.com/remote-jobs/remote-senior-full-stack-engineer-datagrail-973407
Product Manager,Ethena,ğŸ’° $43k - $75k*,https://remoteok.com/remote-jobs/remote-product-manager-ethena-972713
SSIS ETL Data Engineer,Rico Industries,ğŸŒ Worldwide,https://remoteok.com/remote-jobs/remote-ssis-etl-data-engineer-rico-industries-695553
Senior Unity Engineer,Proof of Play,Worldwide,https://remoteok.com/remote-jobs/remote-senior-unity-engineer-proof-of-play-973205
Support Engineer,EoT Labs,Worldwide,https://remoteok.com/remote-jobs/remote-support-engineer-eot-labs-973203
Founders Wanted,EoT Labs,Worldwide,https://remoteok.com/remote-jobs/remote-founders-wanted-eot-labs-973206
Junior DevOps,EoT Labs,Worldwide,https://remoteok.com/remote-jobs/remote-junior-devops-eot-labs-973207
Senior Full Stack Engineer,Tarjimly,ğŸŒ Worldwide,https://remoteok.com/remote-jobs/remote-senior-full-stack-engineer-tarjimly-817812
Freelance Writer,IAPWE,ğŸŒ Worldwide,https://remoteok.com/remote-jobs/remote-freelance-writer-iapwe-931199
Associate Director Clinical Supply Chain,Eikon Therapeutics,ğŸ‡ºğŸ‡¸ United States,https://remoteok.com/remote-jobs/remote-associate-director-clinical-supply-chain-eikon-therapeutics-974261
Senior Software Engineer,PayNearMe,ğŸŒ Probably worldwide,https://remoteok.com/remote-jobs/remote-senior-software-engineer-paynearme-974215
EMEA Field Application Engineer Manager,Altium,ğŸŒ Probably worldwide,https://remoteok.com/remote-jobs/remote-emea-field-application-engineer-manager-altium-974139
EMEA Field Application Engineer Manager,Altium,ğŸŒ Probably worldwide,https://remoteok.com/remote-jobs/remote-emea-field-application-engineer-manager-altium-974138
Field Enablement Manager Enterprise East,Glean,ğŸ‡ºğŸ‡¸ United States,https://remoteok.com/remote-jobs/remote-field-enablement-manager-enterprise-east-glean-974077
Digital Marketing Account Manager,Xometry,"Minneapolis, MN",https://remoteok.com/remote-jobs/remote-digital-marketing-account-manager-xometry-974017
Audience Editor HuffPost,"Employment Opportunities at BuzzFeed, Inc.",ğŸ‡ºğŸ‡¸ United States,https://remoteok.com/remote-jobs/remote-audience-editor-huffpost-employment-opportunities-at-buzzfeed-inc-973751
Senior Machine Learning Engineer,Pachama,ğŸŒ Probably worldwide,https://remoteok.com/remote-jobs/remote-senior-machine-learning-engineer-pachama-973749
Senior Full Stack Engineer,DataGrail,ğŸ‡ºğŸ‡¸ United States,https://remoteok.com/remote-jobs/remote-senior-full-stack-engineer-datagrail-973407
Product Manager,Ethena,ğŸ’° $43k - $75k*,https://remoteok.com/remote-jobs/remote-product-manager-ethena-972713
SSIS ETL Data Engineer,Rico Industries,ğŸŒ Worldwide,https://remoteok.com/remote-jobs/remote-ssis-etl-data-engineer-rico-industries-695553
Senior Unity Engineer,Proof of Play,Worldwide,https://remoteok.com/remote-jobs/remote-senior-unity-engineer-proof-of-play-973205
Support Engineer,EoT Labs,Worldwide,https://remoteok.com/remote-jobs/remote-support-engineer-eot-labs-973203
Founders Wanted,EoT Labs,Worldwide,https://remoteok.com/remote-jobs/remote-founders-wanted-eot-labs-973206
Junior DevOps,EoT Labs,Worldwide,https://remoteok.com/remote-jobs/remote-junior-devops-eot-labs-973207
Senior Full Stack Engineer,Tarjimly,ğŸŒ Worldwide,https://remoteok.com/remote-jobs/remote-senior-full-stack-engineer-tarjimly-817812
Freelance Writer,IAPWE,ğŸŒ Worldwide,https://remoteok.com/remote-jobs/remote-freelance-writer-iapwe-931199
Associate Director Clinical Supply Chain,Eikon Therapeutics,ğŸ‡ºğŸ‡¸ United States,https://remoteok.com/remote-jobs/remote-associate-director-clinical-supply-chain-eikon-therapeutics-974261
Senior Software Engineer,PayNearMe,ğŸŒ Probably worldwide,https://remoteok.com/remote-jobs/remote-senior-software-engineer-paynearme-974215
EMEA Field Application Engineer Manager,Altium,ğŸŒ Probably worldwide,https://remoteok.com/remote-jobs/remote-emea-field-application-engineer-manager-altium-974139
EMEA Field Application Engineer Manager,Altium,ğŸŒ Probably worldwide,https://remoteok.com/remote-jobs/remote-emea-field-application-engineer-manager-altium-974138
Field Enablement Manager Enterprise East,Glean,ğŸ‡ºğŸ‡¸ United States,https://remoteok.com/remote-jobs/remote-field-enablement-manager-enterprise-east-glean-974077
Digital Marketing Account Manager,Xometry,"Minneapolis, MN",https://remoteok.com/remote-jobs/remote-digital-marketing-account-manager-xometry-974017
Audience Editor HuffPost,"Employment Opportunities at BuzzFeed, Inc.",ğŸ‡ºğŸ‡¸ United States,https://remoteok.com/remote-jobs/remote-audience-editor-huffpost-employment-opportunities-at-buzzfeed-inc-973751
Senior Machine Learning Engineer,Pachama,ğŸŒ Probably worldwide,https://remoteok.com/remote-jobs/remote-senior-machine-learning-engineer-pachama-973749
Senior Full Stack Engineer,DataGrail,ğŸ‡ºğŸ‡¸ United States,https://remoteok.com/remote-jobs/remote-senior-full-stack-engineer-datagrail-973407
Product Manager,Ethena,ğŸ’° $43k - $75k*,https://remoteok.com/remote-jobs/remote-product-manager-ethena-972713
SSIS ETL Data Engineer,Rico Industries,ğŸŒ Worldwide,https://remoteok.com/remote-jobs/remote-ssis-etl-data-engineer-rico-industries-695553
Senior Unity Engineer,Proof of Play,Worldwide,https://remoteok.com/remote-jobs/remote-senior-unity-engineer-proof-of-play-973205
Support Engineer,EoT Labs,Worldwide,https://remoteok.com/remote-jobs/remote-support-engineer-eot-labs-973203
Founders Wanted,EoT Labs,Worldwide,https://remoteok.com/remote-jobs/remote-founders-wanted-eot-labs-973206
Junior DevOps,EoT Labs,Worldwide,https://remoteok.com/remote-jobs/remote-junior-devops-eot-labs-973207
